"Country or Area","Element","Year","Unit","Value","Value Footnotes"
"Africa","Value","2019","millions","250.30","F"
"Africa","Value","2018","millions","236.80","F"
"Africa","Value","2017","millions","231.70","F"
"Africa","Value","2016","millions","224.90","F"
"Africa","Value","2015","millions","216.90","F"
"Africa","Value","2014","millions","202.40","F"
"Africa","Value","2013","millions","202.10","F"
"Africa","Value","2012","millions","197.80","F"
"Africa","Value","2011","millions","194.70","F"
"Africa","Value","2010","millions","196.10","F"
"Africa","Value","2009","millions","194.70","F"
"Africa","Value","2008","millions","195.00","F"
"Africa","Value","2007","millions","195.00","F"
"Africa","Value","2006","millions","191.80","F"
"Africa","Value","2005","millions","192.60","F"
"Africa","Value","2004","millions","205.20","F"
"Africa","Value","2003","millions","202.60","F"
"Africa","Value","2002","millions","198.20","F"
"Africa","Value","2001","millions","195.90","F"
"Africa","Value","2000","millions","199.00","F"
"Asia","Value","2019","millions","381.10","F"
"Asia","Value","2018","millions","385.30","F"
"Asia","Value","2017","millions","369.70","F"
"Asia","Value","2016","millions","381.70","F"
"Asia","Value","2015","millions","388.80","F"
"Asia","Value","2014","millions","383.10","F"
"Asia","Value","2013","millions","401.50","F"
"Asia","Value","2012","millions","408.20","F"
"Asia","Value","2011","millions","398.20","F"
"Asia","Value","2010","millions","423.80","F"
"Asia","Value","2009","millions","455.40","F"
"Asia","Value","2008","millions","458.30","F"
"Asia","Value","2007","millions","481.30","F"
"Asia","Value","2006","millions","535.40","F"
"Asia","Value","2005","millions","574.70","F"
"Asia","Value","2004","millions","583.30","F"
"Asia","Value","2003","millions","579.60","F"
"Asia","Value","2002","millions","596.30","F"
"Asia","Value","2001","millions","561.80","F"
"Asia","Value","2000","millions","535.30","F"
"Caribbean","Value","2019","millions","7.20","F"
"Caribbean","Value","2018","millions","7.30","F"
"Caribbean","Value","2017","millions","7.10","F"
"Caribbean","Value","2016","millions","7.30","F"
"Caribbean","Value","2015","millions","7.40","F"
"Caribbean","Value","2014","millions","7.20","F"
"Caribbean","Value","2013","millions","7.60","F"
"Caribbean","Value","2012","millions","7.60","F"
"Caribbean","Value","2011","millions","7.50","F"
"Caribbean","Value","2010","millions","7.20","F"
"Caribbean","Value","2009","millions","8.10","F"
"Caribbean","Value","2008","millions","8.40","F"
"Caribbean","Value","2007","millions","8.00","F"
"Caribbean","Value","2006","millions","8.10","F"
"Caribbean","Value","2005","millions","8.40","F"
"Caribbean","Value","2004","millions","8.80","F"
"Caribbean","Value","2003","millions","9.20","F"
"Caribbean","Value","2002","millions","8.10","F"
"Caribbean","Value","2001","millions","8.10","F"
"Caribbean","Value","2000","millions","8.00","F"
"Central America","Value","2019","millions","16.60","F"
"Central America","Value","2018","millions","14.70","F"
"Central America","Value","2017","millions","14.40","F"
"Central America","Value","2016","millions","14.70","F"
"Central America","Value","2015","millions","13.40","F"
"Central America","Value","2014","millions","11.90","F"
"Central America","Value","2013","millions","11.40","F"
"Central America","Value","2012","millions","12.00","F"
"Central America","Value","2011","millions","12.00","F"
"Central America","Value","2010","millions","12.40","F"
"Central America","Value","2009","millions","12.20","F"
"Central America","Value","2008","millions","12.10","F"
"Central America","Value","2007","millions","10.80","F"
"Central America","Value","2006","millions","10.90","F"
"Central America","Value","2005","millions","11.80","F"
"Central America","Value","2004","millions","12.30","F"
"Central America","Value","2003","millions","10.90","F"
"Central America","Value","2002","millions","10.00","F"
"Central America","Value","2001","millions","10.10","F"
"Central America","Value","2000","millions","10.90","F"
"Central Asia","Value","2019","millions","2.00","F"
"Central Asia","Value","2018","millions","2.10","F"
"Central Asia","Value","2017","millions","2.20","F"
"Central Asia","Value","2016","millions","2.10","F"
"Central Asia","Value","2015","millions","2.10","F"
"Central Asia","Value","2014","millions","2.20","F"
"Central Asia","Value","2013","millions","4.10","F"
"Central Asia","Value","2012","millions","4.30","F"
"Central Asia","Value","2011","millions","4.40","F"
"Central Asia","Value","2010","millions","4.80","F"
"Central Asia","Value","2009","millions","5.20","F"
"Central Asia","Value","2008","millions","5.10","F"
"Central Asia","Value","2007","millions","5.20","F"
"Central Asia","Value","2006","millions","5.70","F"
"Central Asia","Value","2005","millions","6.50","F"
"Central Asia","Value","2004","millions","7.30","F"
"Central Asia","Value","2003","millions","7.40","F"
"Central Asia","Value","2002","millions","8.10","F"
"Central Asia","Value","2001","millions","7.70","F"
"Central Asia","Value","2000","millions","6.40","F"
"Central Asia and Southern Asia","Value","2019","millions","259.30","F"
"Central Asia and Southern Asia","Value","2018","millions","263.10","F"
"Central Asia and Southern Asia","Value","2017","millions","247.80","F"
"Central Asia and Southern Asia","Value","2016","millions","258.40","F"
"Central Asia and Southern Asia","Value","2015","millions","265.10","F"
"Central Asia and Southern Asia","Value","2014","millions","257.80","F"
"Central Asia and Southern Asia","Value","2013","millions","282.00","F"
"Central Asia and Southern Asia","Value","2012","millions","288.60","F"
"Central Asia and Southern Asia","Value","2011","millions","271.40","F"
"Central Asia and Southern Asia","Value","2010","millions","268.80","F"
"Central Asia and Southern Asia","Value","2009","millions","275.60","F"
"Central Asia and Southern Asia","Value","2008","millions","265.50","F"
"Central Asia and Southern Asia","Value","2007","millions","269.60","F"
"Central Asia and Southern Asia","Value","2006","millions","304.00","F"
"Central Asia and Southern Asia","Value","2005","millions","334.40","F"
"Central Asia and Southern Asia","Value","2004","millions","335.00","F"
"Central Asia and Southern Asia","Value","2003","millions","316.20","F"
"Central Asia and Southern Asia","Value","2002","millions","315.40","F"
"Central Asia and Southern Asia","Value","2001","millions","280.00","F"
"Central Asia and Southern Asia","Value","2000","millions","249.40","F"
"Eastern Africa","Value","2019","millions","117.90","F"
"Eastern Africa","Value","2018","millions","112.90","F"
"Eastern Africa","Value","2017","millions","110.40","F"
"Eastern Africa","Value","2016","millions","108.40","F"
"Eastern Africa","Value","2015","millions","104.90","F"
"Eastern Africa","Value","2014","millions","99.30","F"
"Eastern Africa","Value","2013","millions","101.20","F"
"Eastern Africa","Value","2012","millions","97.90","F"
"Eastern Africa","Value","2011","millions","96.00","F"
"Eastern Africa","Value","2010","millions","98.10","F"
"Eastern Africa","Value","2009","millions","96.80","F"
"Eastern Africa","Value","2008","millions","98.90","F"
"Eastern Africa","Value","2007","millions","98.90","F"
"Eastern Africa","Value","2006","millions","96.10","F"
"Eastern Africa","Value","2005","millions","95.00","F"
"Eastern Africa","Value","2004","millions","105.20","F"
"Eastern Africa","Value","2003","millions","104.10","F"
"Eastern Africa","Value","2002","millions","100.60","F"
"Eastern Africa","Value","2001","millions","99.20","F"
"Eastern Africa","Value","2000","millions","100.90","F"
"Eastern Asia","Value","2010","millions","60.60","F"
"Eastern Asia","Value","2009","millions","74.10","F"
"Eastern Asia","Value","2008","millions","81.90","F"
"Eastern Asia","Value","2007","millions","98.60","F"
"Eastern Asia","Value","2006","millions","113.10","F"
"Eastern Asia","Value","2005","millions","118.60","F"
"Eastern Asia","Value","2004","millions","128.40","F"
"Eastern Asia","Value","2003","millions","138.70","F"
"Eastern Asia","Value","2002","millions","154.10","F"
"Eastern Asia","Value","2001","millions","148.60","F"
"Eastern Asia","Value","2000","millions","153.30","F"
"Eastern Asia and South-eastern Asia","Value","2019","millions","91.00","F"
"Eastern Asia and South-eastern Asia","Value","2018","millions","91.90","F"
"Eastern Asia and South-eastern Asia","Value","2017","millions","92.40","F"
"Eastern Asia and South-eastern Asia","Value","2016","millions","94.20","F"
"Eastern Asia and South-eastern Asia","Value","2015","millions","96.00","F"
"Eastern Asia and South-eastern Asia","Value","2014","millions","99.40","F"
"Eastern Asia and South-eastern Asia","Value","2013","millions","92.30","F"
"Eastern Asia and South-eastern Asia","Value","2012","millions","93.90","F"
"Eastern Asia and South-eastern Asia","Value","2011","millions","101.40","F"
"Eastern Asia and South-eastern Asia","Value","2010","millions","130.80","F"
"Eastern Asia and South-eastern Asia","Value","2009","millions","154.80","F"
"Eastern Asia and South-eastern Asia","Value","2008","millions","166.90","F"
"Eastern Asia and South-eastern Asia","Value","2007","millions","186.70","F"
"Eastern Asia and South-eastern Asia","Value","2006","millions","206.70","F"
"Eastern Asia and South-eastern Asia","Value","2005","millions","216.00","F"
"Eastern Asia and South-eastern Asia","Value","2004","millions","225.40","F"
"Eastern Asia and South-eastern Asia","Value","2003","millions","238.80","F"
"Eastern Asia and South-eastern Asia","Value","2002","millions","257.10","F"
"Eastern Asia and South-eastern Asia","Value","2001","millions","257.40","F"
"Eastern Asia and South-eastern Asia","Value","2000","millions","261.10","F"
"Eastern Europe","Value","2001","millions","8.90","F"
"Eastern Europe","Value","2000","millions","11.30","F"
"Land Locked Developing Countries","Value","2019","millions","105.90","F"
"Land Locked Developing Countries","Value","2018","millions","102.30","F"
"Land Locked Developing Countries","Value","2017","millions","97.10","F"
"Land Locked Developing Countries","Value","2016","millions","95.20","F"
"Land Locked Developing Countries","Value","2015","millions","93.30","F"
"Land Locked Developing Countries","Value","2014","millions","88.50","F"
"Land Locked Developing Countries","Value","2013","millions","96.10","F"
"Land Locked Developing Countries","Value","2012","millions","92.30","F"
"Land Locked Developing Countries","Value","2011","millions","90.90","F"
"Land Locked Developing Countries","Value","2010","millions","91.40","F"
"Land Locked Developing Countries","Value","2009","millions","92.20","F"
"Land Locked Developing Countries","Value","2008","millions","94.10","F"
"Land Locked Developing Countries","Value","2007","millions","96.70","F"
"Land Locked Developing Countries","Value","2006","millions","97.20","F"
"Land Locked Developing Countries","Value","2005","millions","97.20","F"
"Land Locked Developing Countries","Value","2004","millions","105.10","F"
"Land Locked Developing Countries","Value","2003","millions","104.00","F"
"Land Locked Developing Countries","Value","2002","millions","106.90","F"
"Land Locked Developing Countries","Value","2001","millions","107.10","F"
"Land Locked Developing Countries","Value","2000","millions","107.80","F"
"Latin America and the Caribbean","Value","2019","millions","47.70","F"
"Latin America and the Caribbean","Value","2018","millions","46.60","F"
"Latin America and the Caribbean","Value","2017","millions","43.50","F"
"Latin America and the Caribbean","Value","2016","millions","42.40","F"
"Latin America and the Caribbean","Value","2015","millions","38.80","F"
"Latin America and the Caribbean","Value","2014","millions","34.50","F"
"Latin America and the Caribbean","Value","2013","millions","35.80","F"
"Latin America and the Caribbean","Value","2012","millions","37.50","F"
"Latin America and the Caribbean","Value","2011","millions","37.60","F"
"Latin America and the Caribbean","Value","2010","millions","39.60","F"
"Latin America and the Caribbean","Value","2009","millions","41.90","F"
"Latin America and the Caribbean","Value","2008","millions","40.80","F"
"Latin America and the Caribbean","Value","2007","millions","43.00","F"
"Latin America and the Caribbean","Value","2006","millions","45.10","F"
"Latin America and the Caribbean","Value","2005","millions","48.60","F"
"Latin America and the Caribbean","Value","2004","millions","51.80","F"
"Latin America and the Caribbean","Value","2003","millions","52.70","F"
"Latin America and the Caribbean","Value","2002","millions","57.40","F"
"Latin America and the Caribbean","Value","2001","millions","55.80","F"
"Latin America and the Caribbean","Value","2000","millions","57.70","F"
"Least Developed Countries","Value","2019","millions","241.50","F"
"Least Developed Countries","Value","2018","millions","232.90","F"
"Least Developed Countries","Value","2017","millions","223.60","F"
"Least Developed Countries","Value","2016","millions","221.50","F"
"Least Developed Countries","Value","2015","millions","216.50","F"
"Least Developed Countries","Value","2014","millions","204.70","F"
"Least Developed Countries","Value","2013","millions","205.70","F"
"Least Developed Countries","Value","2012","millions","200.50","F"
"Least Developed Countries","Value","2011","millions","198.30","F"
"Least Developed Countries","Value","2010","millions","197.50","F"
"Least Developed Countries","Value","2009","millions","197.80","F"
"Least Developed Countries","Value","2008","millions","201.60","F"
"Least Developed Countries","Value","2007","millions","201.60","F"
"Least Developed Countries","Value","2006","millions","206.10","F"
"Least Developed Countries","Value","2005","millions","207.20","F"
"Least Developed Countries","Value","2004","millions","214.80","F"
"Least Developed Countries","Value","2003","millions","215.10","F"
"Least Developed Countries","Value","2002","millions","215.30","F"
"Least Developed Countries","Value","2001","millions","215.80","F"
"Least Developed Countries","Value","2000","millions","220.50","F"
"Low income economies","Value","2019","millions","206.50","F"
"Low income economies","Value","2018","millions","198.50","F"
"Low income economies","Value","2017","millions","189.70","F"
"Low income economies","Value","2016","millions","185.50","F"
"Low income economies","Value","2015","millions","180.80","F"
"Low income economies","Value","2014","millions","168.60","F"
"Low income economies","Value","2013","millions","170.10","F"
"Low income economies","Value","2012","millions","163.20","F"
"Low income economies","Value","2011","millions","159.70","F"
"Low income economies","Value","2010","millions","160.50","F"
"Low income economies","Value","2009","millions","160.10","F"
"Low income economies","Value","2008","millions","161.90","F"
"Low income economies","Value","2007","millions","161.60","F"
"Low income economies","Value","2006","millions","161.60","F"
"Low income economies","Value","2005","millions","159.60","F"
"Low income economies","Value","2004","millions","165.00","F"
"Low income economies","Value","2003","millions","164.70","F"
"Low income economies","Value","2002","millions","162.20","F"
"Low income economies","Value","2001","millions","164.10","F"
"Low income economies","Value","2000","millions","162.50","F"
"Low Income Food Deficit Countries","Value","2019","millions","461.40","F"
"Low Income Food Deficit Countries","Value","2018","millions","457.70","F"
"Low Income Food Deficit Countries","Value","2017","millions","439.00","F"
"Low Income Food Deficit Countries","Value","2016","millions","444.90","F"
"Low Income Food Deficit Countries","Value","2015","millions","443.50","F"
"Low Income Food Deficit Countries","Value","2014","millions","425.10","F"
"Low Income Food Deficit Countries","Value","2013","millions","443.10","F"
"Low Income Food Deficit Countries","Value","2012","millions","444.70","F"
"Low Income Food Deficit Countries","Value","2011","millions","426.80","F"
"Low Income Food Deficit Countries","Value","2010","millions","427.50","F"
"Low Income Food Deficit Countries","Value","2009","millions","434.30","F"
"Low Income Food Deficit Countries","Value","2008","millions","427.10","F"
"Low Income Food Deficit Countries","Value","2007","millions","432.70","F"
"Low Income Food Deficit Countries","Value","2006","millions","463.70","F"
"Low Income Food Deficit Countries","Value","2005","millions","491.60","F"
"Low Income Food Deficit Countries","Value","2004","millions","499.20","F"
"Low Income Food Deficit Countries","Value","2003","millions","477.40","F"
"Low Income Food Deficit Countries","Value","2002","millions","469.50","F"
"Low Income Food Deficit Countries","Value","2001","millions","440.00","F"
"Low Income Food Deficit Countries","Value","2000","millions","416.30","F"
"Lower-middle-income economies","Value","2019","millions","388.20","F"
"Lower-middle-income economies","Value","2018","millions","386.90","F"
"Lower-middle-income economies","Value","2017","millions","372.60","F"
"Lower-middle-income economies","Value","2016","millions","380.70","F"
"Lower-middle-income economies","Value","2015","millions","386.70","F"
"Lower-middle-income economies","Value","2014","millions","376.30","F"
"Lower-middle-income economies","Value","2013","millions","393.00","F"
"Lower-middle-income economies","Value","2012","millions","401.10","F"
"Lower-middle-income economies","Value","2011","millions","387.00","F"
"Lower-middle-income economies","Value","2010","millions","389.80","F"
"Lower-middle-income economies","Value","2009","millions","405.30","F"
"Lower-middle-income economies","Value","2008","millions","397.30","F"
"Lower-middle-income economies","Value","2007","millions","404.10","F"
"Lower-middle-income economies","Value","2006","millions","440.40","F"
"Lower-middle-income economies","Value","2005","millions","475.70","F"
"Lower-middle-income economies","Value","2004","millions","480.50","F"
"Lower-middle-income economies","Value","2003","millions","462.50","F"
"Lower-middle-income economies","Value","2002","millions","461.30","F"
"Lower-middle-income economies","Value","2001","millions","429.20","F"
"Lower-middle-income economies","Value","2000","millions","401.40","F"
"Middle Africa","Value","2019","millions","51.90","F"
"Middle Africa","Value","2018","millions","49.10","F"
"Middle Africa","Value","2017","millions","47.20","F"
"Middle Africa","Value","2016","millions","45.80","F"
"Middle Africa","Value","2015","millions","43.50","F"
"Middle Africa","Value","2014","millions","40.10","F"
"Middle Africa","Value","2013","millions","41.40","F"
"Middle Africa","Value","2012","millions","40.70","F"
"Middle Africa","Value","2011","millions","39.60","F"
"Middle Africa","Value","2010","millions","40.00","F"
"Middle Africa","Value","2009","millions","39.70","F"
"Middle Africa","Value","2008","millions","39.90","F"
"Middle Africa","Value","2007","millions","39.70","F"
"Middle Africa","Value","2006","millions","39.60","F"
"Middle Africa","Value","2005","millions","39.70","F"
"Middle Africa","Value","2004","millions","40.70","F"
"Middle Africa","Value","2003","millions","39.50","F"
"Middle Africa","Value","2002","millions","39.60","F"
"Middle Africa","Value","2001","millions","39.30","F"
"Middle Africa","Value","2000","millions","40.10","F"
"North Africa (excluding Sudan)","Value","2019","millions","10.20","F"
"North Africa (excluding Sudan)","Value","2018","millions","10.00","F"
"North Africa (excluding Sudan)","Value","2017","millions","10.20","F"
"North Africa (excluding Sudan)","Value","2016","millions","9.70","F"
"North Africa (excluding Sudan)","Value","2015","millions","9.40","F"
"North Africa (excluding Sudan)","Value","2014","millions","9.10","F"
"North Africa (excluding Sudan)","Value","2013","millions","10.10","F"
"North Africa (excluding Sudan)","Value","2012","millions","9.60","F"
"North Africa (excluding Sudan)","Value","2011","millions","9.70","F"
"North Africa (excluding Sudan)","Value","2010","millions","10.30","F"
"North Africa (excluding Sudan)","Value","2009","millions","10.90","F"
"North Africa (excluding Sudan)","Value","2008","millions","10.50","F"
"North Africa (excluding Sudan)","Value","2007","millions","10.80","F"
"North Africa (excluding Sudan)","Value","2006","millions","11.00","F"
"North Africa (excluding Sudan)","Value","2005","millions","11.60","F"
"North Africa (excluding Sudan)","Value","2004","millions","11.60","F"
"North Africa (excluding Sudan)","Value","2003","millions","10.80","F"
"North Africa (excluding Sudan)","Value","2002","millions","10.40","F"
"North Africa (excluding Sudan)","Value","2001","millions","10.50","F"
"North Africa (excluding Sudan)","Value","2000","millions","11.00","F"
"Northern Africa","Value","2019","millions","15.60","F"
"Northern Africa","Value","2018","millions","15.00","F"
"Northern Africa","Value","2017","millions","15.50","F"
"Northern Africa","Value","2016","millions","14.40","F"
"Northern Africa","Value","2015","millions","13.80","F"
"Northern Africa","Value","2014","millions","13.40","F"
"Northern Africa","Value","2013","millions","16.60","F"
"Northern Africa","Value","2012","millions","16.40","F"
"Northern Africa","Value","2011","millions","18.00","F"
"Northern Africa","Value","2010","millions","17.80","F"
"Northern Africa","Value","2009","millions","17.70","F"
"Northern Africa","Value","2008","millions","17.20","F"
"Northern Africa","Value","2007","millions","17.30","F"
"Northern Africa","Value","2006","millions","17.40","F"
"Northern Africa","Value","2005","millions","18.30","F"
"Northern Africa","Value","2004","millions","18.30","F"
"Northern Africa","Value","2003","millions","17.10","F"
"Northern Africa","Value","2002","millions","16.30","F"
"Northern Africa","Value","2001","millions","16.50","F"
"Northern Africa","Value","2000","millions","17.30","F"
"Oceania","Value","2019","millions","2.40","F"
"Oceania","Value","2018","millions","2.40","F"
"Oceania","Value","2017","millions","2.40","F"
"Oceania","Value","2016","millions","2.40","F"
"Oceania","Value","2015","millions","2.20","F"
"Oceania","Value","2014","millions","2.00","F"
"Oceania","Value","2013","millions","2.20","F"
"Oceania","Value","2012","millions","2.20","F"
"Oceania","Value","2011","millions","2.00","F"
"Oceania","Value","2010","millions","2.00","F"
"Oceania","Value","2009","millions","1.90","F"
"Oceania","Value","2008","millions","1.80","F"
"Oceania","Value","2007","millions","1.90","F"
"Oceania","Value","2006","millions","1.70","F"
"Oceania","Value","2005","millions","1.90","F"
"Oceania","Value","2004","millions","1.90","F"
"Oceania","Value","2003","millions","1.90","F"
"Oceania","Value","2002","millions","1.70","F"
"Oceania","Value","2001","millions","1.80","F"
"Oceania","Value","2000","millions","1.90","F"
"Small Island Developing States","Value","2019","millions","10.90","F"
"Small Island Developing States","Value","2018","millions","11.00","F"
"Small Island Developing States","Value","2017","millions","10.80","F"
"Small Island Developing States","Value","2016","millions","10.90","F"
"Small Island Developing States","Value","2015","millions","10.70","F"
"Small Island Developing States","Value","2014","millions","10.30","F"
"Small Island Developing States","Value","2013","millions","10.80","F"
"Small Island Developing States","Value","2012","millions","10.80","F"
"Small Island Developing States","Value","2011","millions","10.50","F"
"Small Island Developing States","Value","2010","millions","10.20","F"
"Small Island Developing States","Value","2009","millions","11.00","F"
"Small Island Developing States","Value","2008","millions","11.20","F"
"Small Island Developing States","Value","2007","millions","10.90","F"
"Small Island Developing States","Value","2006","millions","10.90","F"
"Small Island Developing States","Value","2005","millions","11.30","F"
"Small Island Developing States","Value","2004","millions","11.70","F"
"Small Island Developing States","Value","2003","millions","12.10","F"
"Small Island Developing States","Value","2002","millions","10.90","F"
"Small Island Developing States","Value","2001","millions","11.00","F"
"Small Island Developing States","Value","2000","millions","11.00","F"
"South America","Value","2019","millions","24.00","F"
"South America","Value","2018","millions","24.60","F"
"South America","Value","2017","millions","21.90","F"
"South America","Value","2016","millions","20.40","F"
"South America","Value","2015","millions","18.00","F"
"South America","Value","2014","millions","15.40","F"
"South America","Value","2013","millions","16.80","F"
"South America","Value","2012","millions","17.90","F"
"South America","Value","2011","millions","18.10","F"
"South America","Value","2010","millions","20.00","F"
"South America","Value","2009","millions","21.60","F"
"South America","Value","2008","millions","20.40","F"
"South America","Value","2007","millions","24.10","F"
"South America","Value","2006","millions","26.10","F"
"South America","Value","2005","millions","28.40","F"
"South America","Value","2004","millions","30.70","F"
"South America","Value","2003","millions","32.50","F"
"South America","Value","2002","millions","39.30","F"
"South America","Value","2001","millions","37.60","F"
"South America","Value","2000","millions","38.90","F"
"South Asia (excluding India)","Value","2019","millions","68.30","F"
"South Asia (excluding India)","Value","2018","millions","65.90","F"
"South Asia (excluding India)","Value","2017","millions","62.20","F"
"South Asia (excluding India)","Value","2016","millions","64.60","F"
"South Asia (excluding India)","Value","2015","millions","65.60","F"
"South Asia (excluding India)","Value","2014","millions","65.40","F"
"South Asia (excluding India)","Value","2013","millions","70.90","F"
"South Asia (excluding India)","Value","2012","millions","70.10","F"
"South Asia (excluding India)","Value","2011","millions","69.10","F"
"South Asia (excluding India)","Value","2010","millions","65.20","F"
"South Asia (excluding India)","Value","2009","millions","64.60","F"
"South Asia (excluding India)","Value","2008","millions","66.10","F"
"South Asia (excluding India)","Value","2007","millions","62.80","F"
"South Asia (excluding India)","Value","2006","millions","68.00","F"
"South Asia (excluding India)","Value","2005","millions","68.90","F"
"South Asia (excluding India)","Value","2004","millions","69.00","F"
"South Asia (excluding India)","Value","2003","millions","73.30","F"
"South Asia (excluding India)","Value","2002","millions","79.20","F"
"South Asia (excluding India)","Value","2001","millions","73.70","F"
"South Asia (excluding India)","Value","2000","millions","70.60","F"
"South-eastern Asia","Value","2019","millions","64.70","F"
"South-eastern Asia","Value","2018","millions","64.20","F"
"South-eastern Asia","Value","2017","millions","63.40","F"
"South-eastern Asia","Value","2016","millions","63.90","F"
"South-eastern Asia","Value","2015","millions","66.70","F"
"South-eastern Asia","Value","2014","millions","67.90","F"
"South-eastern Asia","Value","2013","millions","60.20","F"
"South-eastern Asia","Value","2012","millions","60.40","F"
"South-eastern Asia","Value","2011","millions","64.70","F"
"South-eastern Asia","Value","2010","millions","70.10","F"
"South-eastern Asia","Value","2009","millions","80.70","F"
"South-eastern Asia","Value","2008","millions","85.00","F"
"South-eastern Asia","Value","2007","millions","88.10","F"
"South-eastern Asia","Value","2006","millions","93.60","F"
"South-eastern Asia","Value","2005","millions","97.40","F"
"South-eastern Asia","Value","2004","millions","97.00","F"
"South-eastern Asia","Value","2003","millions","100.10","F"
"South-eastern Asia","Value","2002","millions","103.00","F"
"South-eastern Asia","Value","2001","millions","108.70","F"
"South-eastern Asia","Value","2000","millions","107.80","F"
"Southern Africa","Value","2019","millions","5.60","F"
"Southern Africa","Value","2018","millions","5.20","F"
"Southern Africa","Value","2017","millions","4.50","F"
"Southern Africa","Value","2016","millions","5.10","F"
"Southern Africa","Value","2015","millions","4.40","F"
"Southern Africa","Value","2014","millions","3.90","F"
"Southern Africa","Value","2013","millions","3.50","F"
"Southern Africa","Value","2012","millions","3.30","F"
"Southern Africa","Value","2011","millions","3.20","F"
"Southern Africa","Value","2010","millions","3.20","F"
"Southern Africa","Value","2009","millions","3.30","F"
"Southern Africa","Value","2008","millions","3.20","F"
"Southern Africa","Value","2007","millions","3.00","F"
"Southern Africa","Value","2006","millions","2.90","F"
"Southern Africa","Value","2005","millions","2.70","F"
"Southern Africa","Value","2004","millions","2.70","F"
"Southern Africa","Value","2003","millions","2.80","F"
"Southern Africa","Value","2002","millions","2.90","F"
"Southern Africa","Value","2001","millions","2.90","F"
"Southern Africa","Value","2000","millions","3.10","F"
"Southern Asia","Value","2019","millions","257.30","F"
"Southern Asia","Value","2018","millions","261.00","F"
"Southern Asia","Value","2017","millions","245.70","F"
"Southern Asia","Value","2016","millions","256.20","F"
"Southern Asia","Value","2015","millions","263.10","F"
"Southern Asia","Value","2014","millions","255.60","F"
"Southern Asia","Value","2013","millions","277.90","F"
"Southern Asia","Value","2012","millions","284.20","F"
"Southern Asia","Value","2011","millions","267.00","F"
"Southern Asia","Value","2010","millions","264.00","F"
"Southern Asia","Value","2009","millions","270.50","F"
"Southern Asia","Value","2008","millions","260.30","F"
"Southern Asia","Value","2007","millions","264.50","F"
"Southern Asia","Value","2006","millions","298.30","F"
"Southern Asia","Value","2005","millions","328.00","F"
"Southern Asia","Value","2004","millions","327.70","F"
"Southern Asia","Value","2003","millions","308.80","F"
"Southern Asia","Value","2002","millions","307.20","F"
"Southern Asia","Value","2001","millions","272.20","F"
"Southern Asia","Value","2000","millions","243.00","F"
"Sub-Saharan Africa","Value","2019","millions","234.70","F"
"Sub-Saharan Africa","Value","2018","millions","221.80","F"
"Sub-Saharan Africa","Value","2017","millions","216.30","F"
"Sub-Saharan Africa","Value","2016","millions","210.50","F"
"Sub-Saharan Africa","Value","2015","millions","203.00","F"
"Sub-Saharan Africa","Value","2014","millions","189.00","F"
"Sub-Saharan Africa","Value","2013","millions","185.50","F"
"Sub-Saharan Africa","Value","2012","millions","181.40","F"
"Sub-Saharan Africa","Value","2011","millions","176.60","F"
"Sub-Saharan Africa","Value","2010","millions","178.30","F"
"Sub-Saharan Africa","Value","2009","millions","177.00","F"
"Sub-Saharan Africa","Value","2008","millions","177.80","F"
"Sub-Saharan Africa","Value","2007","millions","177.60","F"
"Sub-Saharan Africa","Value","2006","millions","174.40","F"
"Sub-Saharan Africa","Value","2005","millions","174.30","F"
"Sub-Saharan Africa","Value","2004","millions","186.90","F"
"Sub-Saharan Africa","Value","2003","millions","185.50","F"
"Sub-Saharan Africa","Value","2002","millions","181.90","F"
"Sub-Saharan Africa","Value","2001","millions","179.40","F"
"Sub-Saharan Africa","Value","2000","millions","181.70","F"
"Sub-Saharan Africa (including Sudan)","Value","2019","millions","240.10","F"
"Sub-Saharan Africa (including Sudan)","Value","2018","millions","226.80","F"
"Sub-Saharan Africa (including Sudan)","Value","2017","millions","221.50","F"
"Sub-Saharan Africa (including Sudan)","Value","2016","millions","215.20","F"
"Sub-Saharan Africa (including Sudan)","Value","2015","millions","207.40","F"
"Sub-Saharan Africa (including Sudan)","Value","2014","millions","193.20","F"
"Sub-Saharan Africa (including Sudan)","Value","2013","millions","192.00","F"
"Sub-Saharan Africa (including Sudan)","Value","2012","millions","188.20","F"
"Sub-Saharan Africa (including Sudan)","Value","2011","millions","184.90","F"
"Sub-Saharan Africa (including Sudan)","Value","2010","millions","185.80","F"
"Sub-Saharan Africa (including Sudan)","Value","2009","millions","183.80","F"
"Sub-Saharan Africa (including Sudan)","Value","2008","millions","184.50","F"
"Sub-Saharan Africa (including Sudan)","Value","2007","millions","184.10","F"
"Sub-Saharan Africa (including Sudan)","Value","2006","millions","180.80","F"
"Sub-Saharan Africa (including Sudan)","Value","2005","millions","181.00","F"
"Sub-Saharan Africa (including Sudan)","Value","2004","millions","193.60","F"
"Sub-Saharan Africa (including Sudan)","Value","2003","millions","191.80","F"
"Sub-Saharan Africa (including Sudan)","Value","2002","millions","187.70","F"
"Sub-Saharan Africa (including Sudan)","Value","2001","millions","185.50","F"
"Sub-Saharan Africa (including Sudan)","Value","2000","millions","188.00","F"
"Upper-middle-income economies","Value","2019","millions","81.00","F"
"Upper-middle-income economies","Value","2018","millions","80.50","F"
"Upper-middle-income economies","Value","2017","millions","78.70","F"
"Upper-middle-income economies","Value","2016","millions","79.10","F"
"Upper-middle-income economies","Value","2015","millions","73.30","F"
"Upper-middle-income economies","Value","2014","millions","71.90","F"
"Upper-middle-income economies","Value","2013","millions","72.10","F"
"Upper-middle-income economies","Value","2012","millions","75.10","F"
"Upper-middle-income economies","Value","2011","millions","78.50","F"
"Upper-middle-income economies","Value","2010","millions","103.60","F"
"Upper-middle-income economies","Value","2009","millions","120.00","F"
"Upper-middle-income economies","Value","2008","millions","128.80","F"
"Upper-middle-income economies","Value","2007","millions","149.10","F"
"Upper-middle-income economies","Value","2006","millions","165.60","F"
"Upper-middle-income economies","Value","2005","millions","177.30","F"
"Upper-middle-income economies","Value","2004","millions","192.40","F"
"Upper-middle-income economies","Value","2003","millions","206.50","F"
"Upper-middle-income economies","Value","2002","millions","227.80","F"
"Upper-middle-income economies","Value","2001","millions","221.40","F"
"Upper-middle-income economies","Value","2000","millions","231.80","F"
"Western Africa","Value","2019","millions","59.40","F"
"Western Africa","Value","2018","millions","54.70","F"
"Western Africa","Value","2017","millions","54.20","F"
"Western Africa","Value","2016","millions","51.20","F"
"Western Africa","Value","2015","millions","50.30","F"
"Western Africa","Value","2014","millions","45.70","F"
"Western Africa","Value","2013","millions","39.50","F"
"Western Africa","Value","2012","millions","39.60","F"
"Western Africa","Value","2011","millions","37.70","F"
"Western Africa","Value","2010","millions","37.00","F"
"Western Africa","Value","2009","millions","37.00","F"
"Western Africa","Value","2008","millions","35.80","F"
"Western Africa","Value","2007","millions","36.00","F"
"Western Africa","Value","2006","millions","35.80","F"
"Western Africa","Value","2005","millions","36.90","F"
"Western Africa","Value","2004","millions","38.20","F"
"Western Africa","Value","2003","millions","39.10","F"
"Western Africa","Value","2002","millions","38.70","F"
"Western Africa","Value","2001","millions","38.10","F"
"Western Africa","Value","2000","millions","37.60","F"
"Western Asia","Value","2019","millions","30.80","F"
"Western Asia","Value","2018","millions","30.40","F"
"Western Asia","Value","2017","millions","29.50","F"
"Western Asia","Value","2016","millions","29.20","F"
"Western Asia","Value","2015","millions","27.60","F"
"Western Asia","Value","2014","millions","25.90","F"
"Western Asia","Value","2013","millions","27.20","F"
"Western Asia","Value","2012","millions","25.70","F"
"Western Asia","Value","2011","millions","25.40","F"
"Western Asia","Value","2010","millions","24.20","F"
"Western Asia","Value","2009","millions","24.90","F"
"Western Asia","Value","2008","millions","25.90","F"
"Western Asia","Value","2007","millions","24.90","F"
"Western Asia","Value","2006","millions","24.70","F"
"Western Asia","Value","2005","millions","24.30","F"
"Western Asia","Value","2004","millions","22.90","F"
"Western Asia","Value","2003","millions","24.60","F"
"Western Asia","Value","2002","millions","23.90","F"
"Western Asia","Value","2001","millions","24.50","F"
"Western Asia","Value","2000","millions","24.80","F"
"Western Asia and Northern Africa","Value","2019","millions","46.40","F"
"Western Asia and Northern Africa","Value","2018","millions","45.40","F"
"Western Asia and Northern Africa","Value","2017","millions","45.00","F"
"Western Asia and Northern Africa","Value","2016","millions","43.60","F"
"Western Asia and Northern Africa","Value","2015","millions","41.40","F"
"Western Asia and Northern Africa","Value","2014","millions","39.30","F"
"Western Asia and Northern Africa","Value","2013","millions","43.80","F"
"Western Asia and Northern Africa","Value","2012","millions","42.20","F"
"Western Asia and Northern Africa","Value","2011","millions","43.40","F"
"Western Asia and Northern Africa","Value","2010","millions","42.00","F"
"Western Asia and Northern Africa","Value","2009","millions","42.60","F"
"Western Asia and Northern Africa","Value","2008","millions","43.20","F"
"Western Asia and Northern Africa","Value","2007","millions","42.30","F"
"Western Asia and Northern Africa","Value","2006","millions","42.10","F"
"Western Asia and Northern Africa","Value","2005","millions","42.60","F"
"Western Asia and Northern Africa","Value","2004","millions","41.20","F"
"Western Asia and Northern Africa","Value","2003","millions","41.70","F"
"Western Asia and Northern Africa","Value","2002","millions","40.20","F"
"Western Asia and Northern Africa","Value","2001","millions","40.90","F"
"Western Asia and Northern Africa","Value","2000","millions","42.20","F"
"World","Value","2019","millions","687.80","F"
"World","Value","2018","millions","678.10","F"
"World","Value","2017","millions","653.20","F"
"World","Value","2016","millions","657.60","F"
"World","Value","2015","millions","653.30","F"
"World","Value","2014","millions","628.90","F"
"World","Value","2013","millions","647.70","F"
"World","Value","2012","millions","652.00","F"
"World","Value","2011","millions","638.70","F"
"World","Value","2010","millions","668.20","F"
"World","Value","2009","millions","700.60","F"
"World","Value","2008","millions","702.30","F"
"World","Value","2007","millions","727.80","F"
"World","Value","2006","millions","781.20","F"
"World","Value","2005","millions","825.60","F"
"World","Value","2004","millions","851.00","F"
"World","Value","2003","millions","847.10","F"
"World","Value","2002","millions","863.80","F"
"World","Value","2001","millions","827.20","F"
"World","Value","2000","millions","808.60","F"

"fnSeqID","Footnote"
"F","FAO estimate"
